{
  "hash": "6b7ec03c",
  "configHash": "c926983c",
  "lockfileHash": "53971aba",
  "browserHash": "5583ceec",
  "optimized": {
    "@angular/core": {
      "src": "../../../../../../node_modules/@angular/core/fesm2022/core.mjs",
      "file": "@angular_core.js",
      "fileHash": "5cf2ad28",
      "needsInterop": false
    },
    "@angular/forms": {
      "src": "../../../../../../node_modules/@angular/forms/fesm2022/forms.mjs",
      "file": "@angular_forms.js",
      "fileHash": "1f467645",
      "needsInterop": false
    },
    "@angular/platform-browser": {
      "src": "../../../../../../node_modules/@angular/platform-browser/fesm2022/platform-browser.mjs",
      "file": "@angular_platform-browser.js",
      "fileHash": "f032095d",
      "needsInterop": false
    }
  },
  "chunks": {
    "chunk-HOSBANRR": {
      "file": "chunk-HOSBANRR.js"
    },
    "chunk-C7GL24IT": {
      "file": "chunk-C7GL24IT.js"
    }
  }
}